P_Average,P_SD,W_Average,W_SD
1139.498375,28.266592,76055.342919,492.080851
704.199491,61.163942,74731.355892,658.965379
453.049529,54.145981,73962.415690,812.852689
351.448412,42.883216,73325.181191,886.180646
287.635658,36.562966,72882.987787,897.255099
253.529522,35.276035,72611.180473,973.717337
217.311511,32.743613,72397.585236,988.725033
193.078532,25.977743,72199.243314,967.698276
168.404748,27.200273,71933.974484,902.061514
159.080538,21.608592,71725.755361,909.149513
142.220996,27.947390,71566.859105,927.719279
126.266220,29.085436,71406.161071,928.485749
117.907491,24.603638,71302.666559,920.034433
112.459796,32.259577,71195.326845,899.501204
104.672990,22.597299,71040.956796,897.863102
96.486085,21.504277,70896.952049,902.064237
89.719252,19.402339,70774.603684,919.917715
78.501967,19.127454,70672.678682,919.536978
73.070374,15.651779,70586.357694,910.747770
70.435912,17.867150,70490.243842,912.290458
66.131481,14.351759,70410.698220,911.640738
62.756633,17.263550,70341.750249,901.116458
63.621697,16.892439,70255.437050,915.637375
57.814915,17.729281,70187.186985,936.179009
52.853821,14.899617,70101.393063,978.446421
51.765941,12.567987,70067.320575,1003.629231
55.242984,13.596032,70021.578347,1009.924479
51.775281,12.767725,69950.958863,1017.720489
46.603197,15.296720,69910.887924,1024.881505
40.789779,13.268283,69839.025018,1045.575127
38.020569,14.471326,69780.615123,1085.016879
34.889486,13.274262,69732.179783,1093.342809
34.067836,9.951290,69694.410146,1074.257158
36.438229,12.221822,69662.822491,1053.795075
38.006265,14.698881,69636.289280,1039.159340
32.561408,12.736039,69595.272773,1041.843653
30.487134,13.185024,69573.927500,1045.989109
30.581457,11.355384,69549.253304,1055.094488
31.108336,8.308981,69522.988664,1066.875729
31.731469,9.311301,69490.210089,1066.150659
29.714172,9.947780,69454.229415,1078.635098
26.990901,10.514191,69434.424284,1065.363125
24.600061,9.616266,69437.650789,1056.657561
22.995700,7.836946,69423.295578,1065.178797
22.070189,10.600095,69394.755978,1058.693834
24.025777,10.245471,69368.807257,1069.532460
24.521369,8.919911,69339.047841,1069.336064
23.567202,9.762790,69297.844797,1073.307239
24.787563,11.216335,69256.715989,1069.544388
23.782612,10.713225,69211.633338,1050.817511
23.118191,9.277082,69159.470132,1036.325014
20.659229,9.453452,69121.609333,1033.826200
20.422706,8.308955,69079.965022,1041.855688
19.497648,7.669922,69044.546730,1038.718898
18.350022,6.958479,69031.206472,1035.922988
17.724779,6.858589,69010.377449,1037.121597
18.981712,7.920663,68979.060053,1034.273184
18.366040,10.165554,68937.577796,1037.487279
16.828861,10.577325,68905.281007,1038.189447
16.220263,9.033764,68887.884422,1042.645728
14.164212,5.272173,68868.201442,1035.988014
13.088487,7.904998,68858.808964,1029.541177
13.163743,6.979637,68848.360682,1033.780732
13.703954,7.361888,68828.710671,1031.315950
12.022183,8.905676,68814.507377,1036.210519
13.327754,9.457895,68798.988283,1034.727525
14.348726,6.863256,68776.701528,1023.095472
14.914715,6.690678,68760.383602,1015.514820
12.786240,7.253063,68737.069383,1007.147418
12.129360,6.773106,68710.464678,1003.657087
12.719467,6.687360,68694.696448,1005.754715
13.133684,8.432027,68671.496979,1020.421837
13.217482,9.347197,68651.998852,1032.060049
11.701660,5.820951,68641.629803,1044.410299
11.120392,5.389244,68635.582680,1049.166600
11.239620,6.569485,68620.565235,1062.517194
10.854216,6.548573,68617.796220,1063.282015
10.671484,5.945416,68606.331695,1057.801191
10.686449,6.289551,68593.197034,1059.700671
8.863844,4.244363,68568.485473,1057.774256
8.386992,4.371245,68549.390314,1052.465475
9.533172,5.519730,68524.602595,1054.936036
9.984283,6.413037,68500.421030,1054.579348
8.271570,4.754630,68478.166570,1056.862476
8.267482,4.266469,68467.954724,1055.799408
9.163136,5.174194,68455.498843,1059.292117
8.867903,5.711772,68450.533270,1071.491577
8.090861,4.713192,68438.469690,1083.450214
8.851311,4.820221,68429.248931,1092.746729
9.640440,5.604603,68424.248478,1098.077451
9.079707,4.275048,68412.500238,1098.445042
7.966304,4.474738,68418.866374,1104.537369
8.669995,5.281829,68414.460908,1099.005380
8.696627,4.685992,68403.899567,1085.448013
7.891780,4.958605,68385.906294,1079.228411
6.594547,4.780453,68366.359770,1080.934621
6.787332,4.079946,68352.758263,1088.286298
7.536672,4.667336,68333.335683,1091.702042
7.943084,5.566464,68325.371762,1093.176584
7.474997,6.407045,68317.626776,1086.834592
7.588059,5.962630,68306.346444,1084.777329
7.255980,4.298008,68303.433650,1080.731478
6.984265,4.944913,68295.041886,1084.207531
6.944736,5.908657,68284.968946,1086.375211
6.755796,5.400423,68280.917859,1083.934967
6.152292,4.273038,68276.052100,1079.374410
5.601986,3.634282,68280.515309,1080.997668
5.170104,3.605091,68284.155960,1089.147675
5.848089,3.803348,68281.233045,1094.099790
6.536283,5.128705,68266.774112,1088.445088
6.163332,5.577875,68249.310292,1080.978398
7.046990,5.657052,68228.537115,1077.171086
6.937916,4.451829,68223.025477,1081.918935
5.556407,3.099201,68216.797232,1083.561753
5.254235,4.301993,68208.242633,1087.153351
5.829106,3.957823,68204.798996,1088.329534
5.691592,2.999339,68200.609161,1091.556267
5.755490,3.793428,68195.246739,1093.237925
6.604860,4.755142,68195.411007,1101.394319
6.943572,5.202505,68195.820716,1108.401969
5.767593,4.863993,68195.258824,1111.432785
5.148188,4.041231,68191.024479,1113.921025
4.371536,3.100573,68181.639887,1116.366515
5.861248,4.104433,68168.228173,1117.890428
6.259184,5.025038,68153.444034,1115.226696
5.558922,3.642731,68138.147071,1110.705561
4.967965,3.859221,68128.778448,1102.819175
5.858298,4.476295,68125.400014,1094.839037
4.867671,4.366400,68126.162192,1089.911175
4.524785,4.109572,68130.745812,1079.544744
4.202139,3.467316,68130.657085,1071.246569
4.116446,3.147076,68132.594957,1069.806741
3.988040,3.416667,68135.048556,1060.855541
3.465760,2.742883,68133.618304,1057.164026
3.599004,3.338754,68133.133340,1053.622034
4.207466,3.767798,68128.925928,1047.192990
4.199786,3.054063,68122.065091,1038.293025
3.917718,2.749804,68118.398094,1036.289199
4.173169,3.010951,68113.768528,1034.466807
4.036414,3.287093,68107.158202,1033.532241
3.758234,2.839398,68097.335293,1033.074890
3.603658,3.096021,68095.791780,1029.337487
4.096445,4.090168,68093.405315,1026.972253
4.291357,4.544550,68084.440599,1021.591492
3.818984,3.450118,68075.085540,1020.104258
3.703664,2.745715,68066.812424,1017.717372
4.290719,4.390078,68060.045897,1016.136477
3.760534,4.299109,68052.586563,1015.542668
3.390388,3.731671,68046.673120,1017.097757
3.503800,3.579396,68039.760460,1019.653346
3.647262,3.881080,68035.087553,1022.639958
3.305124,2.939139,68029.000966,1027.677411
3.774228,3.695701,68023.650336,1032.058205
3.799393,3.290059,68020.358172,1038.493003
3.440960,2.363937,68016.013807,1045.580789
3.687103,3.110534,68010.216833,1044.848403
3.954535,3.749824,67997.806464,1048.907763
4.016191,3.782456,67985.391593,1054.802366
3.188587,2.944146,67976.072642,1061.523738
3.572687,3.870733,67972.098245,1062.877970
4.030969,4.247503,67971.679329,1059.867379
4.166147,4.377129,67973.764795,1061.552823
5.261605,5.028444,67977.085760,1066.206226
4.662638,5.096628,67972.951998,1068.862003
4.220854,3.526929,67970.042558,1071.639483
3.059469,2.599509,67965.741340,1073.212059
2.071403,1.508445,67958.732376,1078.820301
2.127755,2.008855,67954.659678,1083.787022
2.492671,1.996475,67953.994463,1087.507324
2.465089,2.404062,67952.136355,1095.520768
2.620747,3.329469,67950.457460,1098.651174
2.903487,3.411270,67945.896591,1097.915389
3.016270,2.760967,67940.974419,1098.983122
2.942084,2.692026,67932.765263,1098.097102
2.457925,2.272943,67922.281218,1100.349630
2.672966,2.516880,67917.733125,1103.541351
2.830973,2.677331,67913.446989,1105.647834
3.291636,3.840057,67909.944389,1108.932113
3.929242,5.046255,67904.669726,1113.726580
4.667298,5.799904,67897.316546,1118.647461
4.013462,4.090874,67885.964176,1127.469975
2.881256,3.786689,67880.752895,1128.750904
2.633447,3.317890,67875.167637,1126.319802
2.207145,2.694366,67871.195530,1126.616627
2.574075,2.760743,67869.785674,1125.533740
2.780189,3.367625,67865.063978,1124.421214
2.977568,3.601059,67860.380424,1121.321285
2.394610,2.207505,67855.860246,1121.414607
2.555625,2.326168,67853.201723,1119.979413
2.152874,2.220305,67850.913573,1119.703811
1.592292,1.079869,67849.861973,1121.390911
1.624151,2.342683,67853.113712,1122.147409
2.687416,3.152832,67856.272131,1122.057013
3.302310,4.160443,67859.655789,1120.774809
2.813059,4.120185,67860.594586,1117.864105
2.744544,3.726073,67862.384929,1121.939598
3.480130,3.037444,67857.559720,1125.593930
2.825872,2.661319,67851.413761,1131.169741
2.275273,2.029531,67844.001130,1136.359822
2.110022,1.967500,67842.720701,1138.406018
2.375161,2.485493,67844.644268,1143.302822
2.412169,2.920842,67840.998634,1141.324899
2.592306,2.700953,67837.807639,1144.252042
2.559159,2.127583,67834.184476,1144.449450
2.581200,3.068191,67831.046297,1145.299355
2.803738,2.856102,67830.056334,1145.569019
2.914378,2.874021,67827.048035,1146.452368
3.138391,3.166793,67825.514855,1148.642376
2.797932,2.411928,67823.619590,1149.800921
2.608655,2.320580,67817.929641,1150.153150
2.329323,2.295125,67816.850453,1151.252897
1.967128,2.084134,67812.997486,1150.931351
1.886230,2.147305,67810.632916,1147.981573
2.345182,2.356596,67806.105039,1144.423275
2.564725,4.002374,67803.639336,1142.236524
3.027690,3.666565,67798.452613,1141.342663
3.024640,3.496457,67796.545721,1144.592632
2.350193,2.346743,67795.225119,1150.491884
1.623929,1.773404,67793.275053,1153.336028
1.788129,2.687660,67792.334425,1153.894494
2.184089,2.960117,67791.787798,1154.215876
1.996706,2.459631,67792.005460,1150.784396
2.170114,2.381664,67792.516108,1146.881646
2.317404,3.344808,67786.696697,1143.918215
2.789089,3.505386,67782.588930,1141.265589
2.255661,2.030629,67775.624822,1140.693094
2.719595,2.113880,67773.079734,1141.751125
2.769376,3.013361,67765.852775,1140.677460
2.875303,3.476011,67762.223699,1143.048766
2.526486,2.698202,67755.106010,1149.805920
2.943777,3.372707,67753.065527,1153.586226
3.286393,4.225017,67749.856988,1163.180320
2.631134,2.963392,67751.447532,1171.165203
2.702726,3.137292,67748.917855,1180.667627
2.831116,3.323620,67748.887050,1186.398823
2.469030,2.865666,67748.367325,1188.005948
2.000458,2.631512,67746.090068,1187.444186
1.892973,2.342099,67745.409286,1183.386435
2.144456,2.605135,67742.672983,1179.039224
2.878260,3.021241,67744.719798,1176.627104
3.125362,3.908894,67745.234962,1174.421535
2.497021,2.896582,67745.010132,1174.286579
2.035641,2.290603,67742.354566,1173.881978
1.850594,2.811831,67739.644739,1175.431115
1.454284,1.979716,67731.519221,1173.758557
2.181889,2.831188,67728.040294,1171.335575
2.334675,2.477261,67725.112710,1168.762266
1.967846,1.704467,67723.191292,1167.872877
1.963577,1.710606,67719.374353,1167.175625
2.418685,2.551956,67715.230795,1169.954499
1.970334,2.510776,67709.858912,1171.850678
1.327974,1.370891,67705.608970,1169.227760
0.984033,1.273441,67706.292389,1167.769523
1.510784,2.017237,67705.371962,1167.370546
1.544660,2.012530,67706.002650,1166.576906
1.634102,1.781314,67701.890011,1169.682664
1.486149,1.587816,67698.629260,1169.673311
1.375035,1.417398,67694.942415,1172.179590
1.588410,1.941923,67692.798491,1170.925725
2.164029,4.071223,67692.036356,1170.486515
2.407201,4.630112,67692.663106,1171.022691
2.141406,3.459045,67690.205896,1170.776003
1.706763,1.918492,67686.605525,1172.590162
1.760710,2.097574,67681.884156,1173.442828
2.055854,2.348651,67677.928191,1175.349699
2.216793,2.676227,67676.024000,1177.644150
1.824096,2.113887,67674.844012,1178.487954
1.620466,1.689658,67674.090277,1180.347617
1.525559,1.968399,67672.777704,1182.309492
1.398548,1.702348,67668.920773,1183.073491
1.553717,2.040934,67665.453100,1182.542543
1.895735,2.701612,67662.967297,1183.730913
2.095108,2.833389,67657.852847,1181.530318
1.872130,2.070117,67651.158497,1179.136023
1.591645,1.946039,67645.859613,1179.685193
1.514528,2.150686,67641.499137,1182.923171
1.229451,1.388899,67636.296375,1189.680839
1.310603,1.321211,67633.007602,1192.459640
1.635305,1.627463,67629.122768,1194.150768
1.604577,1.545576,67626.105514,1198.019251
1.656131,1.564210,67622.245964,1204.550480
2.145605,2.126767,67616.643719,1207.197344
2.511487,2.354923,67612.565895,1211.613603
2.001239,2.095526,67606.937318,1214.678583
1.812011,2.257044,67603.998067,1214.812809
1.882371,2.683311,67602.915049,1214.091627
1.868143,2.540864,67600.262889,1213.347430
1.854147,2.056273,67599.084257,1212.749337
1.642928,1.766371,67597.536740,1214.148008
1.010918,0.828508,67597.521894,1214.905264
1.067224,0.706443,67596.915574,1215.811360
1.399221,1.669374,67597.797138,1217.952308
1.614873,2.298614,67598.458065,1220.236844
1.724079,2.187354,67601.347627,1223.823055
1.376962,1.693938,67603.218236,1226.282761
1.434179,1.658832,67603.201559,1226.176652
1.180399,1.431349,67604.189143,1226.329997
0.921005,1.185732,67601.703763,1224.619137
0.711186,0.665849,67598.690377,1223.828087
0.942467,1.052648,67598.152074,1224.086048
1.271709,1.429220,67596.924857,1223.149580
1.287951,1.286496,67596.696168,1221.667190
1.061165,0.857057,67596.971915,1218.946463
0.874251,0.762641,67595.465443,1218.455612
1.242635,1.917613,67593.137910,1218.575171
1.583246,2.542405,67590.974569,1218.081855
1.431604,1.648416,67586.779427,1217.650462
1.237354,1.318674,67584.280220,1218.111709
1.424802,1.109986,67582.024033,1217.576043
2.088037,2.679365,67579.679239,1218.806218
2.121423,3.341834,67577.232424,1218.287023
1.837677,2.699562,67573.926561,1217.957513
1.164875,1.075330,67571.608630,1216.298369
1.109837,0.978599,67569.423518,1213.770950
1.478758,1.160439,67566.249546,1212.872720
1.510421,1.447343,67561.158293,1210.996136
1.572832,1.639693,67552.668309,1210.790025
1.637455,1.838171,67548.601497,1215.644388
1.160103,0.881677,67545.596349,1220.697194
0.922128,0.765687,67545.367301,1222.275711
0.753508,0.597147,67545.096732,1224.161600
1.022965,1.343947,67547.097714,1223.033653
1.260065,1.766525,67547.692645,1222.519252
1.267883,1.454170,67546.389055,1224.095454
1.284846,1.597161,67543.875433,1228.029405
1.609522,1.841389,67541.054251,1229.157333
1.143854,1.440417,67536.724684,1231.879349
1.050199,1.445153,67536.014844,1228.213688
0.712165,1.026189,67536.630491,1225.156711
0.556195,0.491159,67538.006796,1221.375531
0.829718,1.183475,67535.920255,1220.317929
1.223289,1.551277,67533.825777,1219.789802
1.350741,1.370527,67530.745611,1220.761769
1.110888,1.022314,67529.434102,1220.759910
0.820598,0.604236,67528.778284,1220.962504
0.652732,0.582960,67528.893923,1221.494134
0.899547,0.683520,67528.200009,1221.962588
1.376123,1.320634,67527.403966,1221.618031
1.763264,2.038985,67522.999098,1219.488522
1.817424,2.423148,67517.681984,1217.545905
1.567635,2.070132,67514.098495,1215.126765
1.382651,2.010783,67511.856375,1216.419265
0.748376,0.638086,67506.954332,1217.311930
0.816146,0.826266,67505.838100,1218.761992
1.185414,1.830855,67505.934663,1219.992910
1.569742,2.299681,67503.456770,1223.877900
1.576398,2.421201,67501.593252,1227.382294
1.404789,1.852705,67499.420081,1230.125569
1.005301,1.198075,67497.376632,1233.702380
0.635031,0.449748,67497.703662,1234.601047
0.682285,0.690645,67496.334187,1235.340228
0.956241,1.358888,67494.698997,1235.992700
1.246548,1.870413,67493.464941,1236.954110
1.409972,2.014431,67491.996805,1238.510801
1.187445,1.255368,67490.662630,1238.186770
1.267072,1.578958,67488.732528,1237.865854
1.079114,1.415529,67486.301578,1237.855808
1.089087,1.484172,67484.034153,1240.759084
1.103670,1.767912,67483.080943,1239.961905
0.932790,1.397935,67481.733577,1239.413774
0.960154,1.766516,67482.393279,1238.258842
0.915811,1.576360,67480.956368,1237.337802
0.956198,1.433603,67481.727062,1236.185587
1.074122,1.301068,67480.958978,1237.628204
0.960836,1.305785,67477.278148,1244.026966
0.933323,1.102737,67476.696837,1248.516792
0.793967,0.709499,67476.106188,1253.181902
0.815222,0.631992,67476.189846,1253.410858
1.189364,1.400559,67478.325586,1253.552582
1.557186,1.993261,67479.969384,1251.022779
1.459332,1.804111,67480.668426,1249.421493
1.085269,1.278218,67478.420312,1247.326300
0.875476,0.806648,67478.743328,1248.581682
0.978959,0.918631,67478.757139,1250.498457
1.052237,0.951743,67481.304114,1251.773080
0.901914,0.865842,67484.336782,1253.278752
0.932514,0.863490,67486.285499,1254.034829
0.919289,1.052613,67487.902933,1254.830378
0.799411,0.692435,67486.990081,1255.609737
0.759976,0.618709,67487.051612,1255.685232
0.904481,1.289034,67487.062336,1255.638848
1.031808,1.467843,67485.334383,1256.589763
1.015869,1.245852,67484.425229,1257.946030
0.646385,0.461367,67482.234721,1260.348199
1.010157,1.882889,67481.729898,1261.309791
1.320573,2.605251,67478.943349,1261.897058
1.821310,3.466076,67473.019943,1262.709033
1.555210,2.424744,67466.693819,1265.269211
0.976772,1.151274,67458.868121,1262.082627
0.829803,1.123235,67458.172867,1261.493967
1.057412,1.625140,67455.934848,1260.009463
1.201470,1.822297,67454.851941,1258.327025
1.386659,2.327770,67452.964157,1258.197620
1.262644,2.736933,67451.569292,1260.201078
1.310067,2.211030,67449.670481,1262.230079
1.035523,1.516964,67448.724799,1265.368843
0.937981,1.299220,67449.135366,1265.951156
0.736133,0.585613,67448.678717,1266.087137
0.968994,1.180134,67448.018268,1266.140698
1.471482,1.921641,67445.629401,1264.562805
1.365610,2.051395,67443.076458,1263.497146
1.214149,2.174113,67438.856388,1262.282707
1.280024,2.838976,67436.198341,1262.360578
1.184383,1.630224,67430.243971,1261.309639
1.354440,1.889630,67427.447179,1262.713466
0.978885,1.514704,67422.332219,1263.924767
0.936499,1.322617,67421.006023,1264.693822
1.031078,1.716663,67419.635490,1264.869166
1.347027,2.373526,67418.714465,1264.209327
1.053125,1.918032,67417.443689,1262.990283
0.497895,0.356146,67416.906561,1263.285059
0.516486,0.423981,67415.939337,1262.924943
0.456882,0.457258,67416.168811,1263.948455
0.590994,0.646873,67415.915320,1263.831054
0.793560,1.150838,67417.041417,1264.211546
0.908685,1.449196,67416.401381,1263.954292
0.736175,1.068406,67415.653266,1264.139812
0.745688,0.847057,67413.657824,1263.432601
0.766496,0.988779,67411.300380,1263.492861
0.783911,0.884932,67409.439493,1261.913624
0.846738,1.118406,67407.131614,1261.027062
0.869864,0.893662,67406.854272,1260.920008
0.765156,0.601392,67406.637056,1261.683881
0.625684,0.587994,67406.856014,1262.131727
0.735936,1.352437,67405.556269,1263.259606
0.852527,1.904933,67403.889197,1264.775184
0.960707,1.879326,67401.695217,1266.391898
1.005318,1.687170,67400.098698,1267.998345
0.954131,1.766413,67400.216277,1268.958643
0.633323,0.574045,67400.620048,1269.456907
0.816339,0.928337,67400.352568,1269.613752
1.216154,2.184315,67397.449354,1271.351989
1.127972,1.894364,67393.889199,1273.225518
0.742003,1.196281,67389.133923,1276.037678
0.750532,1.227446,67389.276274,1279.147455
0.870664,1.609062,67391.056948,1281.422220
0.669156,0.986167,67391.691847,1283.431924
0.502295,0.374998,67392.173822,1285.247454
0.504457,0.430937,67391.630819,1285.031735
0.514222,0.402074,67390.962251,1285.008384
0.636264,0.633409,67390.525312,1284.524550
1.009685,1.643380,67388.638403,1284.489036
1.148095,2.092755,67387.391031,1284.338365
1.243418,1.825891,67385.164237,1285.048616
0.910791,1.216949,67383.649910,1284.793181
0.978872,1.061704,67382.901023,1283.316905
0.766568,0.851042,67381.918185,1282.872559
0.851145,1.305048,67381.026443,1281.172695
0.778605,1.567214,67380.586039,1280.220074
0.769522,1.322232,67379.916436,1280.349183
0.830810,1.373230,67378.743958,1280.835833
1.011979,2.123355,67376.462444,1279.979800
1.055815,2.750694,67373.741110,1279.046776
0.714005,1.003317,67370.483930,1275.647191
0.677744,1.149189,67369.159517,1274.203156
0.822745,1.481603,67367.899657,1274.261625
0.823168,1.506567,67367.178305,1275.067498
0.655955,1.222524,67367.254696,1276.516098
0.613310,0.860724,67366.966598,1277.945140
0.813758,1.354104,67364.175184,1280.636576
0.882578,1.622031,67361.386180,1283.789429
0.771570,1.220317,67358.294324,1287.549076
0.626380,0.591983,67354.413955,1292.502859
0.746656,0.824366,67354.046951,1293.178208
0.638056,0.534404,67353.006795,1294.770381
1.025249,1.625544,67353.337097,1294.213541
1.150348,2.023283,67353.132095,1293.535327
1.337968,2.582103,67352.480117,1292.124152
1.381356,2.671986,67352.400535,1291.551072
0.889807,1.155742,67351.791209,1291.899600
0.852158,1.264412,67351.016106,1292.119883
0.729507,1.175633,67350.780510,1292.356418
0.561888,0.822267,67349.808274,1292.767762
0.438449,0.408542,67348.404435,1292.152772
0.381955,0.273214,67346.449917,1291.457886
0.483779,0.348360,67346.307976,1290.810352
0.828364,1.332069,67344.453697,1289.560838
0.904198,1.663797,67342.570321,1288.177732
0.474348,0.490007,67338.692925,1286.245981
0.452227,0.375549,67337.656940,1286.117306
0.439804,0.369172,67336.785464,1285.884024
0.488707,0.349633,67336.238722,1285.494268
0.482937,0.441911,67335.862412,1285.893933
0.378191,0.345314,67335.502104,1285.557473
0.393515,0.346583,67335.378916,1285.129908
0.581931,0.899887,67334.695834,1285.924315
0.843257,1.446933,67332.750340,1285.992368
0.902584,1.719842,67329.930919,1286.409050
0.725045,1.293107,67326.293449,1286.850938
0.740082,1.453885,67323.889661,1285.723258
0.969216,1.855073,67323.278977,1283.439507
0.996070,1.577557,67321.499908,1283.613799
0.901785,1.193671,67322.352117,1282.457368
0.973933,1.424386,67324.066030,1281.021971
0.828600,1.202145,67325.066293,1279.571224
0.734167,1.053644,67323.521251,1278.360995
0.697847,0.780990,67323.125946,1276.340114
0.665367,0.686559,67321.609302,1276.362209
0.503371,0.404369,67320.053754,1276.087699
0.410936,0.343008,67320.008270,1276.363213
0.490298,0.628588,67319.865790,1276.774626
0.594152,0.827502,67319.844599,1277.233710
0.682111,0.676331,67319.661712,1277.162589
0.727706,1.255180,67321.135509,1278.182957
0.627019,1.504268,67322.342820,1278.916865
0.405389,0.310801,67325.163445,1280.930602
0.492681,0.443452,67324.841616,1281.216875
0.624084,0.935767,67325.014363,1282.401592
0.805669,1.345239,67323.876170,1287.085681
0.907737,1.589800,67322.941498,1291.954392
0.727957,1.400346,67321.875843,1297.401417
0.598816,1.086172,67320.079619,1301.424789
0.399097,0.490250,67320.542917,1301.379717
0.329421,0.272422,67321.188938,1301.000607
0.414406,0.350883,67320.815661,1300.888641
0.536367,0.402191,67320.205173,1300.929733
0.524285,0.375915,67318.800080,1300.956568
0.765982,1.169322,67317.386127,1300.466322
0.812375,1.504115,67315.981361,1300.204574
0.671429,1.162589,67314.751445,1299.264986
0.472520,0.488985,67313.388890,1298.631512
0.466153,0.477552,67312.439076,1298.708636
0.468223,0.386652,67311.960087,1299.109826
0.554928,0.505100,67311.583705,1299.467564
0.560550,0.582326,67310.988456,1299.476490
0.731280,1.732841,67311.154943,1299.541584
0.891164,2.420265,67309.215345,1297.304554
0.537978,1.225339,67307.362615,1295.303858
0.548599,0.950799,67305.041972,1293.404880
0.357822,0.367478,67302.282292,1291.302894
0.359024,0.301604,67301.597275,1291.036057
0.531197,0.648723,67301.822158,1290.570299
0.716929,0.923190,67302.576302,1289.902077
0.927533,1.265801,67302.194479,1289.171032
0.852983,1.417720,67301.419922,1289.091422
0.723104,1.337377,67300.980248,1289.864651
0.534901,1.149626,67299.382614,1290.523737
1.046023,1.880172,67298.638003,1290.593522
1.182063,1.898009,67298.220234,1291.162191
1.130559,1.794690,67297.226503,1290.373815
0.899928,1.662695,67295.146827,1290.622362
0.589690,0.819859,67293.044479,1290.036686
0.648628,0.922283,67291.277893,1291.890983
0.673515,0.861439,67289.504490,1294.224102
0.842557,1.052460,67287.427123,1294.743026
0.709537,0.968457,67284.562799,1296.106473
0.565473,0.648995,67283.509814,1295.205512
0.454610,0.543230,67283.147310,1295.025178
0.538603,0.713678,67283.084349,1295.471841
0.510398,0.498103,67282.808242,1295.882320
0.514210,0.412924,67281.613876,1295.735979
0.514921,0.410625,67280.786267,1295.405345
0.483109,0.340615,67279.930653,1295.209737
0.590718,0.890977,67278.606506,1295.636354
0.496516,0.893778,67278.048430,1295.869143
0.467003,0.933091,67276.972706,1296.071653
0.520524,0.719671,67275.662536,1297.019278
0.696751,1.395709,67275.019542,1297.097173
0.700158,1.782729,67275.142450,1297.528567
0.688232,1.340163,67274.230080,1297.613866
0.630181,1.148919,67274.822027,1297.400803
1.215475,2.473459,67273.221780,1298.872158
1.728349,3.149040,67270.251427,1300.307942
1.108300,2.371759,67266.050825,1302.249003
0.722072,1.064569,67260.900536,1302.833787
0.643495,1.290484,67260.414582,1303.607621
0.602123,1.059914,67259.791590,1304.492980
0.484610,0.416947,67259.273294,1305.552773
0.954888,2.516985,67257.212858,1306.320381
1.116719,3.414004,67255.877601,1307.063747
0.792370,1.945539,67253.564803,1307.042776
0.450195,0.396539,67253.535050,1306.993896
0.472754,0.403570,67253.825088,1306.264398
0.403482,0.293393,67253.838063,1305.197852
0.368817,0.304483,67253.461097,1304.579609
0.309829,0.267603,67252.779730,1304.142041
0.460363,0.960620,67251.277930,1303.320645
0.520247,1.280044,67249.681338,1302.538298
0.545738,1.361338,67248.753022,1302.394560
0.708738,1.128071,67247.591343,1301.407230
0.660872,0.744691,67246.856392,1300.003777
0.625314,0.751103,67247.794207,1300.163112
0.609022,0.614770,67248.737600,1300.499874
0.464909,0.393032,67250.067259,1301.437465
0.351360,0.356625,67250.331913,1301.345022
0.359487,0.365375,67250.545962,1301.243442
0.482584,0.800566,67250.169528,1302.261761
0.549442,1.078464,67249.250526,1303.136923
0.385832,0.375834,67247.458567,1304.927465
0.442072,0.325330,67246.983288,1304.670174
0.625663,0.819141,67244.972717,1303.751190
1.107002,1.789856,67244.813202,1302.701872
1.145961,2.136142,67245.098154,1302.010416
0.819435,1.586742,67245.945926,1301.468279
0.396775,0.424355,67248.038416,1301.678265
0.382302,0.332153,67248.630429,1301.379739
0.419025,0.352038,67249.291384,1300.888839
0.470000,0.375601,67249.470957,1300.711805
0.457267,0.310571,67249.032616,1300.769186
0.485586,0.316127,67248.650161,1300.356844
0.552999,0.422021,67248.481384,1300.528170
0.513851,0.393959,67247.813288,1300.530595
0.359206,0.315845,67247.718950,1300.515754
0.364256,0.333286,67246.731570,1300.704047
0.400278,0.388128,67245.792938,1301.695768
0.389637,0.469539,67245.427414,1302.455372
0.343023,0.369418,67245.752296,1303.116303
0.439471,0.346454,67245.959606,1303.813310
0.499934,0.440784,67246.751548,1304.343230
0.397238,0.374894,67247.330921,1304.800140
0.397683,0.379525,67248.429483,1305.066845
0.376613,0.337322,67249.530163,1305.440838
0.366741,0.306200,67250.629898,1305.363868
0.346352,0.326889,67251.032510,1305.645623
0.357138,0.337515,67250.809185,1305.785158
0.386982,0.427446,67250.030355,1305.719696
0.377281,0.421169,67248.986789,1305.785635
0.367966,0.235924,67247.514788,1305.262060
0.426638,0.279077,67246.677191,1305.063704
0.430872,0.376943,67246.573683,1304.316527
0.321192,0.262432,67246.362363,1303.545130
0.264787,0.247495,67246.112949,1303.634236
0.250603,0.236554,67246.577721,1304.101197
0.284020,0.222450,67247.186275,1304.560813
0.352231,0.316011,67246.936688,1304.555664
0.269202,0.230142,67246.560236,1304.657714
0.311455,0.185710,67246.007992,1304.845723
0.343516,0.252541,67245.851690,1305.155038
0.427875,0.287390,67245.793092,1306.274339
0.404654,0.294064,67246.262418,1307.980340
0.357423,0.322264,67246.666807,1309.237431
0.337083,0.291744,67246.534579,1309.546111
0.409923,0.376613,67245.751413,1309.105201
0.505722,0.617921,67243.710434,1307.260491
0.473479,0.756878,67241.795418,1305.682326
0.586991,1.186019,67238.881641,1302.892431
1.055957,2.581477,67237.784709,1302.925339
0.950995,2.705923,67236.405296,1302.981778
0.864353,1.955446,67234.159668,1303.009734
0.574238,0.607718,67232.824926,1302.882648
0.472748,0.500748,67232.283208,1302.010376
0.560722,0.690873,67233.090764,1300.724083
0.639567,0.895721,67232.472260,1300.388129
0.738031,1.234978,67228.758352,1302.547448
0.780393,1.198461,67225.310626,1304.301913
0.524183,0.597755,67220.160996,1307.075005
0.335380,0.239628,67219.137800,1308.200033
0.266875,0.294984,67219.085808,1307.761050
0.369633,0.688517,67218.282557,1306.811864
0.509041,1.004811,67216.976748,1306.360208
0.454264,0.366578,67214.725416,1305.139304
0.444383,0.377078,67214.779512,1305.103535
0.351785,0.338904,67214.621122,1305.041968
0.215986,0.311234,67214.951106,1304.125250
0.433779,1.115946,67214.268341,1304.079766
0.506396,1.300215,67213.731648,1304.011044
0.565644,1.063722,67211.905878,1303.405347
0.575014,0.946278,67212.387022,1303.724487
0.673740,1.162636,67210.630220,1303.413293
0.690482,1.015329,67208.180784,1302.432173
0.626429,0.752258,67205.980616,1301.414301
0.524169,0.664589,67204.033767,1300.676636
0.422366,0.512119,67202.659026,1300.898762
0.594155,1.414863,67204.423741,1301.166285
0.692664,1.778663,67205.981951,1302.252032
0.600810,1.340629,67207.160248,1302.915100
0.326312,0.340127,67209.395870,1303.931538
0.297290,0.314029,67209.160738,1303.824640
0.237704,0.227830,67209.517871,1303.956513
0.317434,0.244428,67209.740549,1303.938600
0.328234,0.280056,67209.584903,1303.625640
0.431169,0.856210,67209.741715,1303.734599
0.512476,1.107357,67210.262459,1303.997689
0.515072,0.918318,67210.762330,1304.125464
0.415558,0.350897,67211.273762,1304.113041
0.400252,0.327576,67211.608670,1303.577655
0.330980,0.287201,67211.867538,1303.043963
0.251575,0.271182,67211.569631,1302.973195
0.441710,0.929552,67210.033669,1304.481526
0.498997,0.963329,67210.024904,1305.150750
0.626162,1.209156,67208.618458,1306.894028
0.654951,1.045919,67206.442931,1308.221047
0.429302,0.789590,67204.410223,1309.266698
0.419508,0.609661,67204.084071,1308.123435
0.298871,0.342952,67203.647519,1306.976985
0.332941,0.382059,67203.556118,1307.205018
0.325801,0.407020,67203.355999,1306.889491
0.346071,0.319281,67203.627807,1306.975565
0.393502,0.369416,67203.653334,1307.463331
0.439536,0.418532,67203.756284,1307.390104
0.442359,0.408825,67203.637810,1307.291752
0.393173,0.365893,67203.119294,1307.154608
0.473516,0.602593,67201.261923,1306.312000
0.467968,0.857245,67199.110461,1305.229116
0.381774,0.706347,67197.418813,1304.341999
0.296063,0.220287,67195.714293,1303.123303
0.379709,0.313163,67195.453750,1303.323670
0.420873,0.424515,67195.671240,1303.481287
0.286033,0.393735,67196.136931,1303.952275
0.208939,0.239478,67196.583559,1304.149427
0.285152,0.275933,67196.338167,1304.013795
0.271787,0.281743,67195.731902,1303.715274
0.241939,0.231270,67195.285747,1303.697312
0.259999,0.251818,67194.832751,1303.912303
0.321290,0.327785,67194.276194,1303.895916
0.294284,0.313223,67193.726004,1303.487519
0.284861,0.272025,67193.331953,1303.109986
0.331052,0.634230,67193.255936,1303.236914
0.383408,0.860260,67193.099670,1303.381645
0.363844,0.653885,67192.931936,1303.572157
0.290734,0.248463,67193.363571,1303.714069
0.444053,0.599381,67194.430421,1303.979726
0.480628,0.808241,67195.465495,1304.187267
0.443842,0.614921,67196.615511,1304.416091
0.315653,0.288729,67197.786346,1304.377996
0.312093,0.351788,67197.933214,1303.703473
0.276384,0.247606,67198.091261,1303.301684
0.228115,0.227867,67198.008981,1303.133452
0.254442,0.237966,67197.829205,1303.216626
0.287021,0.320856,67196.814509,1302.274311
0.442292,0.649949,67195.399572,1300.719210
0.741714,1.421709,67193.741510,1299.341467
0.790873,1.798680,67192.019010,1297.934353
0.573717,1.407095,67190.496556,1297.427932
0.343116,0.376325,67189.032546,1297.408298
0.293326,0.471240,67189.011987,1297.927018
0.238529,0.311158,67188.786390,1298.119576
0.273852,0.402293,67188.724123,1298.260418
0.251824,0.350251,67188.774887,1298.344766
0.209318,0.196363,67188.659038,1298.317978
0.240565,0.232101,67188.627903,1298.350384
0.216905,0.197635,67188.356728,1298.448695
0.279423,0.480563,67188.693787,1298.434715
0.322251,0.634096,67189.203605,1298.603149
0.343387,0.596375,67189.435072,1298.812215
0.304040,0.300382,67189.729220,1299.091458
0.303899,0.283675,67189.260570,1299.239199
0.626093,1.871564,67188.835782,1299.524341
0.763890,2.497873,67188.527462,1299.393588
0.739459,1.955020,67187.896194,1299.597470
0.463784,0.623228,67187.865395,1299.467981
0.398265,0.483564,67187.611030,1299.698080
0.382157,0.393480,67187.494205,1299.918920
0.352429,0.370892,67187.026709,1300.581060
0.334866,0.329225,67186.453308,1301.576454
0.530401,0.986129,67185.089373,1302.497803
0.575230,1.323554,67184.083218,1303.064966
0.270681,0.287446,67182.490791,1303.794858
0.424115,0.901594,67183.483090,1306.185752
0.490601,1.186586,67184.809728,1308.601678
0.448433,0.882640,67186.044306,1310.543647
0.333039,0.274712,67187.162351,1312.445314
0.266918,0.268862,67186.992823,1312.089892
0.301109,0.309840,67186.735041,1311.557099
0.428390,0.484763,67186.548786,1311.353808
0.436679,0.499414,67186.499545,1310.881554
0.394060,0.470523,67185.408065,1309.919435
0.309398,0.404798,67184.498051,1309.077625
0.248942,0.321251,67183.446487,1308.275056
0.215329,0.184118,67181.944307,1307.946500
0.275592,0.204104,67181.594291,1308.089824
0.315676,0.275303,67181.043708,1308.818491
0.308111,0.293837,67180.247693,1309.276013
0.265373,0.278563,67179.779406,1309.567553
0.220825,0.210277,67179.188274,1309.877734
0.431764,1.014302,67178.392465,1310.233134
0.500475,1.346517,67177.630072,1310.436538
0.456960,1.015100,67177.008439,1311.007724
0.228227,0.213853,67176.305496,1310.797294
0.250318,0.217730,67176.731057,1310.392153
0.406198,0.891068,67174.778969,1315.822991
0.480723,1.133462,67172.023397,1322.162922
0.549418,0.879076,67169.317521,1328.687914
0.412127,0.303724,67166.563132,1335.331196
0.591418,1.495516,67166.207893,1334.342418
0.585009,1.936830,67165.717671,1332.914660
0.183835,0.141596,67163.842020,1331.419985
0.394213,1.188426,67164.374592,1330.915605
0.537513,1.615223,67164.803541,1330.246021
0.428020,0.665309,67164.974287,1328.805988
0.753721,1.421518,67164.562652,1327.332741
0.718788,1.704052,67163.726483,1325.482427
0.534940,1.314849,67163.326149,1325.622005
0.256055,0.289226,67163.318624,1326.137853
0.362088,0.749366,67162.760229,1326.249043
0.367898,0.812353,67162.008003,1326.171641
0.341475,0.551911,67161.598192,1326.046305
0.273701,0.229660,67160.780314,1325.704411
0.285956,0.272124,67160.680884,1326.212654
0.355942,0.496804,67159.984723,1326.204318
0.350210,0.586719,67158.975576,1326.004930
0.341819,0.460060,67158.388640,1325.560108
0.474154,1.244102,67156.573110,1326.310910
0.498668,1.623542,67155.410579,1327.779691
0.472088,1.569562,67155.315117,1328.090689
0.410093,1.177413,67154.145530,1329.314093
0.225409,0.254350,67153.173566,1330.867912
0.273502,0.272329,67152.957912,1330.928359
0.254555,0.258135,67152.555749,1331.180249
0.232984,0.230301,67152.554355,1331.629623
0.273062,0.344170,67153.033963,1332.128250
0.395711,0.715604,67152.092601,1332.733523
0.459749,0.963012,67151.723459,1333.158794
0.263933,0.281271,67149.760279,1333.446868
0.230762,0.204945,67149.664358,1333.485492
0.156975,0.144496,67149.546573,1333.318171
0.136894,0.136154,67149.239113,1333.647875
0.178919,0.178814,67148.825067,1334.172137
0.231339,0.205850,67148.242885,1334.782933
0.240556,0.226542,67148.198804,1334.777292
0.220999,0.223611,67148.170608,1334.535234
0.164822,0.161664,67148.438719,1334.514488
0.177420,0.157763,67148.648702,1334.551301
0.387925,1.090476,67149.018255,1334.857630
0.426387,1.440138,67149.376247,1335.098128
0.386338,1.111430,67149.481295,1335.402250
0.376569,0.638390,67149.888350,1335.875051
0.423221,0.834030,67150.208353,1336.027119
0.253286,0.296904,67150.381924,1336.744283
0.193664,0.202970,67150.142660,1336.890026
0.350965,0.836272,67148.582892,1336.486270
0.420347,1.078029,67147.002047,1335.589888
0.195019,0.185948,67143.863950,1333.779677
0.163872,0.154051,67143.556746,1334.076237
0.179542,0.177133,67143.030450,1334.373714
0.208622,0.187534,67141.619645,1334.427774
0.251142,0.214225,67140.865042,1334.528331
0.295584,0.476970,67139.428404,1334.307763
0.292354,0.633300,67138.398005,1333.891500
0.230706,0.333838,67136.902396,1332.952430
0.365193,0.788717,67135.085421,1332.319556
0.390300,0.963899,67133.114817,1331.526730
0.228770,0.259509,67129.718987,1330.571481
0.300061,0.283715,67129.575936,1330.475804
0.303692,0.304627,67129.407828,1329.913971
0.312794,0.331667,67128.690359,1329.602850
0.289360,0.296190,67128.281377,1329.435164
0.206865,0.186687,67128.135716,1329.133087
0.230925,0.266961,67128.029869,1329.299105
0.320326,0.398850,67128.354731,1329.446254
0.317573,0.360541,67128.760811,1330.037123
0.244514,0.273013,67129.067390,1330.429333
0.189332,0.250661,67129.235311,1330.619184
0.450048,1.530031,67128.309958,1331.152013
0.550108,1.976476,67127.403568,1331.334629
0.717707,1.919680,67125.516620,1332.593057
0.549192,1.668716,67123.304478,1334.380694
0.503413,1.264120,67122.282896,1335.516376
0.313577,0.320577,67120.816760,1336.869250
0.313647,0.348734,67120.071379,1337.395899
0.321374,0.579422,67118.435240,1337.673960
0.288224,0.701360,67117.107595,1337.198672
0.293109,0.553345,67115.979986,1336.623170
0.193083,0.233543,67114.677875,1336.150273
0.220810,0.202271,67113.954283,1335.991618
0.257745,0.212205,67113.369794,1335.933287
0.395762,0.533599,67112.516727,1335.562796
0.412807,0.671636,67111.664245,1335.252364
0.315939,0.303626,67109.232239,1335.381837
0.296965,0.286773,67108.347837,1335.775554
0.291434,0.273363,67108.033471,1336.390208
0.213710,0.299191,67107.841176,1336.825591
0.138775,0.169086,67108.669237,1336.996543
0.200386,0.201106,67108.799087,1336.650378
0.250987,0.220910,67108.729302,1336.205498
0.235970,0.255706,67109.088916,1335.620941
0.219599,0.303343,67109.196644,1334.923484
0.292808,0.515218,67108.518819,1334.343702
0.305436,0.658752,67107.735569,1333.851034
0.293693,0.530722,67106.821455,1333.698317
0.191459,0.156953,67106.184646,1333.225198
0.212930,0.206756,67106.184166,1333.312834
0.238634,0.285596,67106.057279,1333.549543
0.498542,1.233188,67105.100556,1331.248837
0.687363,1.698782,67103.457120,1329.527786
0.657693,1.616046,67102.156545,1328.510680
0.488937,1.244756,67100.970498,1330.453417
0.310788,0.360434,67099.874774,1328.781446
0.324961,0.413283,67099.527218,1328.358340
0.261794,0.292850,67098.821501,1327.777097
0.340737,0.408730,67098.458049,1327.731626
0.363924,0.461419,67098.195212,1327.497831
0.322697,0.375144,67098.238108,1327.482013
0.256154,0.254838,67097.921703,1327.742270
0.245788,0.251723,67097.568939,1327.961674
0.538779,1.563429,67096.028595,1327.266545
0.673575,2.167310,67094.270759,1326.444902
0.674500,1.767429,67091.327674,1327.489489
0.453992,0.950348,67088.586200,1328.548641
0.393066,0.739755,67087.532668,1329.991885
0.224470,0.259135,67086.481317,1331.415803
0.235626,0.265343,67086.218772,1331.091252
0.174164,0.188141,67085.977437,1330.638399
0.154402,0.174449,67085.724751,1330.426528
0.135502,0.169957,67085.332502,1330.117199
0.149353,0.202844,67085.171880,1330.065082
0.195988,0.269457,67084.847203,1329.674333
0.232256,0.249529,67084.639092,1329.291297
0.235451,0.231925,67084.480111,1328.644348
0.216384,0.202231,67084.116618,1327.997622
0.210687,0.223528,67083.766522,1327.571452
0.201457,0.214979,67083.626400,1327.404799
0.279812,0.527259,67082.737118,1328.387455
0.366163,0.703794,67082.531956,1329.592321
0.340444,0.520885,67080.640334,1332.727063
0.321189,0.643113,67079.395874,1334.467705
0.339922,0.514267,67078.195722,1335.820159
0.468681,0.983370,67076.282755,1337.362397
0.450480,1.320457,67075.389002,1337.454196
0.279958,0.520140,67074.032078,1337.346197
0.314492,0.681716,67073.952933,1337.999685
0.318365,0.521565,67074.344888,1337.916112
0.429822,1.518469,67073.902245,1338.228558
0.543084,2.016795,67073.033064,1339.005646
0.500237,1.477837,67071.968937,1339.520545
0.214425,0.284912,67070.579701,1340.352851
0.226453,0.325613,67071.199988,1339.714707
0.216953,0.280203,67071.426254,1338.966928
0.425358,1.122686,67070.271551,1336.618307
0.500266,1.487408,67068.441993,1335.108594
0.444156,1.114133,67065.855292,1333.865029
0.276928,0.273924,67063.401537,1332.397210
0.337366,0.284303,67062.578380,1332.541473
0.344785,0.410443,67060.903537,1332.327890
0.367895,0.514236,67059.595675,1332.454570
0.287443,0.342460,67057.957511,1332.412203
0.199190,0.315681,67057.591208,1332.472768
0.165103,0.226136,67057.213182,1332.904887
0.129877,0.117378,67057.568678,1332.720025
0.181532,0.137635,67057.526555,1332.505072
0.181993,0.149258,67057.478016,1332.361448
0.179435,0.153428,67057.115509,1332.260238
0.213500,0.204482,67056.599789,1332.314890
0.220793,0.224227,67056.309507,1332.211159
0.211983,0.223793,67056.217816,1331.996240
0.187368,0.202771,67056.395768,1331.676257
0.298852,0.393122,67055.971984,1331.335979
0.298630,0.515448,67055.802313,1331.130388
0.249328,0.410868,67055.993196,1331.115388
0.168586,0.173014,67055.954730,1331.013493
0.211089,0.182787,67056.439934,1331.073967
0.193583,0.153587,67056.772366,1331.125344
0.615910,2.367098,67052.929810,1328.596986
0.757392,3.118259,67048.783356,1326.630300
0.675490,2.363018,67044.190418,1324.889355
0.228768,0.274911,67039.136390,1323.073704
0.159667,0.217330,67038.776177,1322.936878
0.202118,0.271681,67038.698778,1323.056379
0.302204,0.381133,67038.755531,1322.980799
0.311104,0.337304,67038.545217,1323.045460
0.258765,0.221635,67038.733588,1322.918931
0.203848,0.205440,67038.518978,1322.922570
0.185224,0.215618,67038.337880,1323.269404
0.199374,0.236380,67037.776700,1323.787605
0.239376,0.305135,67037.552693,1324.053787
0.301609,0.291043,67037.669318,1324.377208
0.475489,1.104378,67036.095948,1321.902657
0.569106,1.527454,67034.235156,1319.764765
0.463077,1.186307,67032.559950,1317.896037
0.486258,1.184389,67029.915885,1315.146610
0.480822,1.443896,67029.058767,1314.563250
0.386414,1.083978,67028.164649,1314.187579
0.153897,0.204979,67027.185210,1313.764228
0.192091,0.200474,67027.092937,1313.927932
0.211869,0.200161,67027.005258,1313.502014
0.281878,0.302374,67027.215217,1312.392347
0.345749,0.375715,67027.072544,1311.477326
0.303204,0.355675,67026.921980,1311.045764
0.263540,0.386936,67026.591579,1311.238467
0.297260,0.434645,67026.716271,1310.813915
0.315460,0.365879,67026.855076,1310.745121
0.371232,0.659899,67027.259419,1313.598035
0.323468,0.738530,67028.383875,1316.153610
0.362242,0.758429,67029.455967,1318.709549
0.349095,0.727801,67029.877207,1321.133014
0.317501,0.548315,67029.660482,1321.036771
0.237579,0.235492,67029.342778,1321.063940
0.211184,0.245110,67028.736078,1321.199092
0.204566,0.244365,67028.443589,1321.418299
0.189456,0.222011,67028.312903,1321.338742
0.236899,0.506089,67027.965873,1321.338941
0.268737,0.675835,67027.869400,1321.488465
0.334019,0.668825,67027.715657,1321.728998
0.320163,0.553317,67027.145141,1322.183927
0.245670,0.324149,67026.999407,1323.047345
0.253188,0.352203,67027.064091,1323.426946
0.175425,0.220113,67027.464918,1323.713047
0.133573,0.161885,67027.662491,1323.524879
0.128087,0.117737,67027.540402,1322.881485
0.134366,0.099369,67027.514374,1322.677819
0.163622,0.148470,67027.551305,1322.664273
0.191988,0.171734,67027.720863,1322.863709
0.186299,0.204472,67027.962816,1323.064417
0.180011,0.220036,67027.949660,1323.020851
0.186993,0.226515,67028.033701,1322.686630
0.197089,0.257860,67027.518347,1322.461036
0.271106,0.400575,67026.764117,1321.665765
0.281830,0.420426,67026.064823,1321.097243
0.219079,0.321747,67025.128097,1320.894896
0.254718,0.584631,67023.393245,1320.207817
0.288429,0.765306,67022.121213,1319.929495
0.260031,0.621080,67020.942489,1319.814276
0.150386,0.145838,67019.641244,1319.846468
0.129379,0.117901,67019.738941,1319.892091
0.204004,0.183603,67019.570403,1319.998549
0.233482,0.232857,67019.443495,1319.789887
0.237265,0.235534,67018.486795,1319.777793
0.244193,0.308932,67017.918453,1319.825501
0.180772,0.231535,67017.061045,1320.202013
0.217637,0.217219,67016.950325,1320.121405
0.220020,0.174593,67016.803098,1319.930194
0.213053,0.213111,67016.567548,1320.026856
0.185212,0.210658,67016.296811,1319.670748
0.169162,0.206331,67016.023302,1319.646675
0.199080,0.257836,67015.878033,1319.734232
0.194003,0.313466,67015.495593,1319.622320
0.186539,0.259861,67015.169548,1319.843408
0.146771,0.142470,67015.162573,1319.936064
0.165349,0.154808,67015.340184,1320.164153
0.155197,0.157636,67015.493352,1320.124589
0.169291,0.132062,67015.924130,1320.073135
0.167653,0.171259,67015.834933,1319.945663
0.213139,0.262228,67015.517938,1319.707362
0.235905,0.326552,67015.103052,1319.636557
0.250503,0.326450,67014.724498,1319.550483
0.398645,1.155912,67013.753624,1320.210846
0.506326,1.520525,67013.113112,1321.161388
0.439477,1.145249,67012.473256,1322.175487
0.186545,0.202656,67011.949667,1323.365776
0.155149,0.137397,67011.963417,1323.265545
0.194605,0.191305,67011.456857,1323.371968
0.227192,0.246548,67010.897151,1323.430020
0.344612,0.756730,67009.646689,1323.561011
0.349671,0.793632,67009.151778,1323.643465
0.428049,1.104420,67008.545501,1323.891386
0.248979,0.236113,67007.828353,1324.530134
0.176708,0.190684,67007.967243,1324.869525
0.172037,0.158299,67008.304592,1324.905557
0.162198,0.182264,67008.187908,1325.029208
0.278069,0.989269,67008.321455,1325.362288
0.329656,1.318454,67008.421738,1325.481438
0.373627,0.985470,67008.386241,1325.829074
0.239981,0.269090,67008.301615,1326.178017
0.251664,0.245754,67008.026111,1326.634125
0.148237,0.159742,67007.802029,1326.951028
0.112036,0.133290,67007.475515,1327.034903
0.156779,0.160222,67007.276206,1327.269824
0.186746,0.177753,67006.867247,1327.410480
0.290546,0.544873,67006.147185,1327.458763
0.289205,0.741864,67005.742100,1327.038460
0.221530,0.543457,67005.313150,1326.664720
0.172689,0.189374,67005.361281,1326.908582
0.225189,0.223901,67005.795030,1327.371924
0.204345,0.181709,67006.148457,1328.232849
0.257562,0.361034,67005.484050,1328.356089
